,leiden
WASP0001002,2
WASP0001003,2
WASP0001006,14
WASP0001007,3
WASP0001012,0
WASP0001016,3
WASP0001017,10
WASP0001019,6
WASP0001021,11
WASP0001024,2
WASP0001028,2
WASP0001033,5
WASP0001035,6
WASP0001036,0
WASP0001038,2
WASP0001039,18
WASP0001041,0
WASP0001045,4
WASP0001050,3
WASP0001051,13
WASP0001053,6
WASP0001062,0
WASP0001068,0
WASP0001071,0
WASP0001072,4
WASP0001075,10
WASP0001077,6
WASP0001078,7
WASP0001079,11
WASP0001082,13
WASP0001097,3
WASP0001098,10
WASP0001100,3
WASP0001101,2
WASP0001103,0
WASP0001105,8
WASP0001108,0
WASP0001109,9
WASP0001115,8
WASP0001121,0
WASP0001124,0
WASP0001125,3
WASP0001126,1
WASP0001127,1
WASP0001136,21
WASP0001141,0
WASP0001142,0
WASP0001143,3
WASP0001145,3
WASP0001147,0
WASP0001148,0
WASP0001152,11
WASP0001159,3
WASP0001160,7
WASP0001161,7
WASP0001164,4
WASP0001165,3
WASP0001168,13
WASP0001170,7
WASP0001171,0
WASP0001172,3
WASP0001181,3
WASP0001182,21
WASP0001187,0
WASP0001189,3
WASP0001191,4
WASP0001194,0
WASP0001199,13
WASP0001204,10
WASP0001205,21
WASP0001206,8
WASP0001215,7
WASP0001218,3
WASP0001220,13
WASP0001221,6
WASP0001225,13
WASP0001229,0
WASP0001230,3
WASP0001234,1
WASP0001248,3
WASP0001257,13
WASP0001260,0
WASP0001263,10
WASP0001265,3
WASP0001268,3
WASP0001270,9
WASP0001271,0
WASP0001278,4
WASP0001280,0
WASP0001283,8
WASP0001284,0
WASP0001296,3
WASP0001300,0
WASP0001303,0
WASP0001306,2
WASP0001307,3
WASP0001310,8
WASP0001312,7
WASP0001317,9
WASP0001318,6
WASP0001320,7
WASP0001321,12
WASP0001325,11
WASP0001326,20
WASP0001332,16
WASP0001334,4
WASP0001335,16
WASP0001336,3
WASP0001339,0
WASP0001341,2
WASP0001347,11
WASP0001351,4
WASP0001353,21
WASP0001357,1
WASP0001359,4
WASP0001361,12
WASP0001362,3
WASP0001364,0
WASP0001365,12
WASP0001366,2
WASP0001369,0
WASP0001376,0
WASP0001378,4
WASP0001380,21
WASP0001383,3
WASP0001384,11
WASP0002003,4
WASP0002005,8
WASP0002006,12
WASP0002007,6
WASP0002011,3
WASP0002012,3
WASP0002013,3
WASP0002016,3
WASP0002021,7
WASP0002028,3
WASP0002031,9
WASP0002032,1
WASP0002035,0
WASP0002038,0
WASP0002039,12
WASP0002040,0
WASP0002046,17
WASP0002050,5
WASP0002051,0
WASP0002052,0
WASP0002056,0
WASP0002058,0
WASP0002059,6
WASP0002061,12
WASP0002064,11
WASP0002068,2
WASP0002069,2
WASP0002070,8
WASP0002073,3
WASP0002077,0
WASP0002078,0
WASP0002079,3
WASP0002082,13
WASP0002088,9
WASP0002093,17
WASP0002095,0
WASP0002097,2
WASP0002101,7
WASP0002106,0
WASP0002109,0
WASP0002110,2
WASP0002111,7
WASP0002113,0
WASP0002115,6
WASP0002118,3
WASP0002120,4
WASP0002126,1
WASP0002128,1
WASP0002129,2
WASP0002130,23
WASP0002132,6
WASP0002133,3
WASP0002135,0
WASP0002136,3
WASP0002137,3
WASP0002139,10
WASP0002140,7
WASP0002141,10
WASP0002146,11
WASP0002151,2
WASP0002155,1
WASP0002160,1
WASP0002163,9
WASP0002164,14
WASP0002166,8
WASP0002167,3
WASP0002173,0
WASP0002174,7
WASP0002175,0
WASP0002176,6
WASP0002177,2
WASP0002178,3
WASP0002180,3
WASP0002182,6
WASP0002184,8
WASP0002191,1
WASP0002193,7
WASP0002195,9
WASP0002196,8
WASP0002197,3
WASP0002198,13
WASP0002199,3
WASP0002205,3
WASP0002206,0
WASP0002207,2
WASP0002209,0
WASP0002215,3
WASP0002218,0
WASP0002219,14
WASP0002221,3
WASP0002223,9
WASP0002224,13
WASP0002225,0
WASP0002226,2
WASP0002227,2
WASP0002229,4
WASP0002231,16
WASP0002232,0
WASP0002233,7
WASP0002235,16
WASP0002238,12
WASP0002241,8
WASP0002242,6
WASP0002244,13
WASP0002248,8
WASP0002250,0
WASP0002251,0
WASP0002256,13
WASP0002261,15
WASP0002262,2
WASP0002264,8
WASP0002265,12
WASP0002266,3
WASP0002267,1
WASP0002268,9
WASP0002269,2
WASP0002271,4
WASP0002272,0
WASP0002273,10
WASP0002275,3
WASP0002277,9
WASP0002279,11
WASP0002282,1
WASP0002283,13
WASP0002285,17
WASP0002286,5
WASP0002287,21
WASP0002288,2
WASP0002292,20
WASP0002293,3
WASP0002294,2
WASP0002295,3
WASP0002296,3
WASP0002298,12
WASP0002299,1
WASP0002302,1
WASP0002303,1
WASP0002304,2
WASP0002305,3
WASP0002306,3
WASP0002307,21
WASP0002308,19
WASP0002309,0
WASP0002315,13
WASP0002317,9
WASP0002318,8
WASP0002319,3
WASP0002320,11
WASP0002321,3
WASP0002322,1
WASP0002323,0
WASP0002324,1
WASP0002325,3
WASP0002327,0
WASP0002328,0
WASP0002330,1
WASP0002333,10
WASP0002334,2
WASP0002335,0
WASP0002336,3
WASP0002337,13
WASP0002338,4
WASP0002340,19
WASP0002341,3
WASP0002342,0
WASP0002343,19
WASP0002346,0
WASP0002347,1
WASP0002348,3
WASP0002350,2
WASP0002353,3
WASP0002355,3
WASP0002358,19
WASP0002359,1
WASP0002360,9
WASP0002363,0
WASP0002365,6
WASP0002367,7
WASP0002369,0
WASP0002370,1
WASP0002372,0
WASP0002373,12
WASP0002376,3
WASP0002379,17
WASP0002380,0
WASP0002382,3
WASP0002384,0
WASP0003005,7
WASP0003006,3
WASP0003007,1
WASP0003009,8
WASP0003012,19
WASP0003014,23
WASP0003015,2
WASP0003016,1
WASP0003017,3
WASP0003020,4
WASP0003021,7
WASP0003023,5
WASP0003025,6
WASP0003031,11
WASP0003033,23
WASP0003034,1
WASP0003036,3
WASP0003038,10
WASP0003039,0
WASP0003041,3
WASP0003042,7
WASP0003046,6
WASP0003052,2
WASP0003054,10
WASP0003057,2
WASP0003058,5
WASP0003061,13
WASP0003063,0
WASP0003064,7
WASP0003066,12
WASP0003068,11
WASP0003069,7
WASP0003071,4
WASP0003073,1
WASP0003075,20
WASP0003077,0
WASP0003079,3
WASP0003080,8
WASP0003082,3
WASP0003083,8
WASP0003084,7
WASP0003085,0
WASP0003086,3
WASP0003087,0
WASP0003088,2
WASP0003089,3
WASP0003091,9
WASP0003094,7
WASP0003097,4
WASP0003101,13
WASP0003107,3
WASP0003110,21
WASP0003112,13
WASP0003113,3
WASP0003115,14
WASP0003116,12
WASP0003119,1
WASP0003123,3
WASP0003124,2
WASP0003125,23
WASP0003126,2
WASP0003127,1
WASP0003129,2
WASP0003134,11
WASP0003141,12
WASP0003142,6
WASP0003146,0
WASP0003148,4
WASP0003153,3
WASP0003160,3
WASP0003161,1
WASP0003165,8
WASP0003168,3
WASP0003170,21
WASP0003176,1
WASP0003183,17
WASP0003185,1
WASP0003194,0
WASP0003197,5
WASP0003198,5
WASP0003200,4
WASP0003201,4
WASP0003204,1
WASP0003205,6
WASP0003206,1
WASP0003207,0
WASP0003208,15
WASP0003213,1
WASP0003217,21
WASP0003219,0
WASP0003221,6
WASP0003224,1
WASP0003227,8
WASP0003231,9
WASP0003234,6
WASP0003237,13
WASP0003238,0
WASP0003240,5
WASP0003242,0
WASP0003246,21
WASP0003247,3
WASP0003249,3
WASP0003252,7
WASP0003253,12
WASP0003255,3
WASP0003256,20
WASP0003257,10
WASP0003258,12
WASP0003259,6
WASP0003261,9
WASP0003267,3
WASP0003270,3
WASP0003271,6
WASP0003272,19
WASP0003278,4
WASP0003282,5
WASP0003284,3
WASP0003291,4
WASP0003295,14
WASP0003296,0
WASP0003297,21
WASP0003299,12
WASP0003301,2
WASP0003312,9
WASP0003313,14
WASP0003315,7
WASP0003317,18
WASP0003319,0
WASP0003320,1
WASP0003322,8
WASP0003325,9
WASP0003327,4
WASP0003329,2
WASP0003331,3
WASP0003334,14
WASP0003335,7
WASP0003337,1
WASP0003339,0
WASP0003342,3
WASP0003345,3
WASP0003346,1
WASP0003347,1
WASP0003349,10
WASP0003351,4
WASP0003352,3
WASP0003354,2
WASP0003355,9
WASP0003357,3
WASP0003359,2
WASP0003361,9
WASP0003362,8
WASP0003367,4
WASP0003368,3
WASP0003371,4
WASP0003372,7
WASP0003375,8
WASP0003376,0
WASP0003380,3
WASP0003381,1
WASP0003383,11
WASP0004001,0
WASP0004003,5
WASP0004004,4
WASP0004005,3
WASP0004006,9
WASP0004012,5
WASP0004013,13
WASP0004014,10
WASP0004015,11
WASP0004016,0
WASP0004017,2
WASP0004018,5
WASP0004019,5
WASP0004021,11
WASP0004022,9
WASP0004023,1
WASP0004025,8
WASP0004026,8
WASP0004029,10
WASP0004030,9
WASP0004032,1
WASP0004033,11
WASP0004036,1
WASP0004037,1
WASP0004038,3
WASP0004039,11
WASP0004041,3
WASP0004042,0
WASP0004044,0
WASP0004046,4
WASP0004047,1
WASP0004049,3
WASP0004050,12
WASP0004051,5
WASP0004052,2
WASP0004054,3
WASP0004055,3
WASP0004056,1
WASP0004057,0
WASP0004058,10
WASP0004059,3
WASP0004062,5
WASP0004063,9
WASP0004068,0
WASP0004070,2
WASP0004073,12
WASP0004074,1
WASP0004075,13
WASP0004077,15
WASP0004079,9
WASP0004083,1
WASP0004085,3
WASP0004087,7
WASP0004091,12
WASP0004093,11
WASP0004094,0
WASP0004096,0
WASP0004100,8
WASP0004101,1
WASP0004102,18
WASP0004103,0
WASP0004104,7
WASP0004105,1
WASP0004106,4
WASP0004108,1
WASP0004109,6
WASP0004110,7
WASP0004111,10
WASP0004112,14
WASP0004113,13
WASP0004115,9
WASP0004117,23
WASP0004118,9
WASP0004119,14
WASP0004120,17
WASP0004121,19
WASP0004122,1
WASP0004123,3
WASP0004124,0
WASP0004126,6
WASP0004127,5
WASP0004128,0
WASP0004129,3
WASP0004130,1
WASP0004133,1
WASP0004135,7
WASP0004137,4
WASP0004138,7
WASP0004140,1
WASP0004141,9
WASP0004142,0
WASP0004143,1
WASP0004144,4
WASP0004145,12
WASP0004146,0
WASP0004147,2
WASP0004148,15
WASP0004150,1
WASP0004152,11
WASP0004153,8
WASP0004154,3
WASP0004155,9
WASP0004156,0
WASP0004158,0
WASP0004159,1
WASP0004161,7
WASP0004162,1
WASP0004163,4
WASP0004168,0
WASP0004170,2
WASP0004171,7
WASP0004172,9
WASP0004173,16
WASP0004174,0
WASP0004175,0
WASP0004179,0
WASP0004182,4
WASP0004183,0
WASP0004186,4
WASP0004187,1
WASP0004188,0
WASP0004189,6
WASP0004190,2
WASP0004192,9
WASP0004194,9
WASP0004197,1
WASP0004198,4
WASP0004199,2
WASP0004200,4
WASP0004202,7
WASP0004203,0
WASP0004204,4
WASP0004205,2
WASP0004207,4
WASP0004208,6
WASP0004209,4
WASP0004215,0
WASP0004217,7
WASP0004218,1
WASP0004219,6
WASP0004220,8
WASP0004224,12
WASP0004226,3
WASP0004229,2
WASP0004232,3
WASP0004235,1
WASP0004236,9
WASP0004237,13
WASP0004238,1
WASP0004240,2
WASP0004241,10
WASP0004242,6
WASP0004243,9
WASP0004244,11
WASP0004245,2
WASP0004246,1
WASP0004247,11
WASP0004248,2
WASP0004249,3
WASP0004250,0
WASP0004251,15
WASP0004253,16
WASP0004258,5
WASP0004260,7
WASP0004262,1
WASP0004263,8
WASP0004265,6
WASP0004266,6
WASP0004268,1
WASP0004270,3
WASP0004273,6
WASP0004275,7
WASP0004281,9
WASP0004282,7
WASP0004284,6
WASP0004285,0
WASP0004286,4
WASP0004287,7
WASP0004292,13
WASP0004294,16
WASP0004295,0
WASP0004296,7
WASP0004297,1
WASP0004298,19
WASP0004299,7
WASP0004300,3
WASP0004301,0
WASP0004302,7
WASP0004303,0
WASP0004305,0
WASP0004306,10
WASP0004308,11
WASP0004309,8
WASP0004310,12
WASP0004311,7
WASP0004314,3
WASP0004315,1
WASP0004316,7
WASP0004317,9
WASP0004318,1
WASP0004319,8
WASP0004320,4
WASP0004321,10
WASP0004323,0
WASP0004325,2
WASP0004326,6
WASP0004327,7
WASP0004329,6
WASP0004330,3
WASP0004331,15
WASP0004332,19
WASP0004333,0
WASP0004334,3
WASP0004335,7
WASP0004337,4
WASP0004338,4
WASP0004339,2
WASP0004340,11
WASP0004341,12
WASP0004343,4
WASP0004345,15
WASP0004346,1
WASP0004348,13
WASP0004349,4
WASP0004350,4
WASP0004353,8
WASP0004356,8
WASP0004357,1
WASP0004361,3
WASP0004362,1
WASP0004364,7
WASP0004365,11
WASP0004366,10
WASP0004367,8
WASP0004370,0
WASP0004373,6
WASP0004375,12
WASP0004379,3
WASP0004380,0
WASP0004381,8
WASP0004383,8
WASP0005002,10
WASP0005005,0
WASP0005006,8
WASP0005007,5
WASP0005009,2
WASP0005018,1
WASP0005020,7
WASP0005024,7
WASP0005025,7
WASP0005030,10
WASP0005032,1
WASP0005034,1
WASP0005035,0
WASP0005036,0
WASP0005041,0
WASP0005046,0
WASP0005048,10
WASP0005049,1
WASP0005056,0
WASP0005058,0
WASP0005064,0
WASP0005066,3
WASP0005069,7
WASP0005070,10
WASP0005080,9
WASP0005082,1
WASP0005083,3
WASP0005084,0
WASP0005089,12
WASP0005091,0
WASP0005093,2
WASP0005099,2
WASP0005100,10
WASP0005102,12
WASP0005103,0
WASP0005106,7
WASP0005110,0
WASP0005111,10
WASP0005116,7
WASP0005117,5
WASP0005118,0
WASP0005119,14
WASP0005120,2
WASP0005123,1
WASP0005124,4
WASP0005126,17
WASP0005127,8
WASP0005132,5
WASP0005134,2
WASP0005136,0
WASP0005139,2
WASP0005145,6
WASP0005151,15
WASP0005152,12
WASP0005154,0
WASP0005158,2
WASP0005164,9
WASP0005168,0
WASP0005175,4
WASP0005177,0
WASP0005179,0
WASP0005182,0
WASP0005191,0
WASP0005192,1
WASP0005193,0
WASP0005194,11
WASP0005198,8
WASP0005199,0
WASP0005200,1
WASP0005202,1
WASP0005208,1
WASP0005209,2
WASP0005215,2
WASP0005217,1
WASP0005220,2
WASP0005222,2
WASP0005224,7
WASP0005231,0
WASP0005233,5
WASP0005236,1
WASP0005238,2
WASP0005240,6
WASP0005246,7
WASP0005255,3
WASP0005256,0
WASP0005258,0
WASP0005259,21
WASP0005260,4
WASP0005271,7
WASP0005276,7
WASP0005277,7
WASP0005283,2
WASP0005284,1
WASP0005287,6
WASP0005291,4
WASP0005292,2
WASP0005293,17
WASP0005295,12
WASP0005297,1
WASP0005299,8
WASP0005304,1
WASP0005312,0
WASP0005318,2
WASP0005320,3
WASP0005324,1
WASP0005331,15
WASP0005334,0
WASP0005335,1
WASP0005338,21
WASP0005339,0
WASP0005340,3
WASP0005342,4
WASP0005346,10
WASP0005356,8
WASP0005375,21
WASP0005383,1
WASP0005384,3
WASP0006002,2
WASP0006007,16
WASP0006011,2
WASP0006012,0
WASP0006013,15
WASP0006014,4
WASP0006015,2
WASP0006017,0
WASP0006021,15
WASP0006023,2
WASP0006024,0
WASP0006028,5
WASP0006029,7
WASP0006030,8
WASP0006031,0
WASP0006036,15
WASP0006037,5
WASP0006038,15
WASP0006039,8
WASP0006040,0
WASP0006041,0
WASP0006053,0
WASP0006061,8
WASP0006064,2
WASP0006070,2
WASP0006072,9
WASP0006074,2
WASP0006077,4
WASP0006081,4
WASP0006089,13
WASP0006091,1
WASP0006097,2
WASP0006098,2
WASP0006099,1
WASP0006100,1
WASP0006101,10
WASP0006103,1
WASP0006104,13
WASP0006106,8
WASP0006108,7
WASP0006109,11
WASP0006110,7
WASP0006111,0
WASP0006113,10
WASP0006115,1
WASP0006116,8
WASP0006118,2
WASP0006120,2
WASP0006121,2
WASP0006123,1
WASP0006126,12
WASP0006127,7
WASP0006128,3
WASP0006129,8
WASP0006130,2
WASP0006132,0
WASP0006136,2
WASP0006137,14
WASP0006139,0
WASP0006140,2
WASP0006142,2
WASP0006143,2
WASP0006144,17
WASP0006149,0
WASP0006152,0
WASP0006153,0
WASP0006155,1
WASP0006158,11
WASP0006160,8
WASP0006164,1
WASP0006166,5
WASP0006167,9
WASP0006168,0
WASP0006169,7
WASP0006173,7
WASP0006178,0
WASP0006182,0
WASP0006184,2
WASP0006188,2
WASP0006190,14
WASP0006192,8
WASP0006196,0
WASP0006199,13
WASP0006204,2
WASP0006222,2
WASP0006223,7
WASP0006236,2
WASP0006239,2
WASP0006245,2
WASP0006247,8
WASP0006248,7
WASP0006252,2
WASP0006263,0
WASP0006270,2
WASP0006290,0
WASP0006293,5
WASP0006294,15
WASP0006295,15
WASP0006298,4
WASP0006300,1
WASP0006302,4
WASP0006307,0
WASP0006312,0
WASP0006314,2
WASP0006315,7
WASP0006317,2
WASP0006318,7
WASP0006319,4
WASP0006320,1
WASP0006323,2
WASP0006328,12
WASP0006333,0
WASP0006335,1
WASP0006336,2
WASP0006338,2
WASP0006341,2
WASP0006346,2
WASP0006347,5
WASP0006351,16
WASP0006352,0
WASP0006354,2
WASP0006357,14
WASP0006358,8
WASP0006361,2
WASP0006363,7
WASP0006364,12
WASP0006366,7
WASP0006368,8
WASP0006371,8
WASP0006376,2
WASP0006381,8
WASP0007001,0
WASP0007002,3
WASP0007004,17
WASP0007008,0
WASP0007011,7
WASP0007014,21
WASP0007015,1
WASP0007016,6
WASP0007017,0
WASP0007018,3
WASP0007019,1
WASP0007021,0
WASP0007022,10
WASP0007023,7
WASP0007028,0
WASP0007029,10
WASP0007032,4
WASP0007038,3
WASP0007040,10
WASP0007042,7
WASP0007043,0
WASP0007048,10
WASP0007050,7
WASP0007051,7
WASP0007052,1
WASP0007053,6
WASP0007056,12
WASP0007057,0
WASP0007064,2
WASP0007069,5
WASP0007076,0
WASP0007077,2
WASP0007082,1
WASP0007086,0
WASP0007089,2
WASP0007090,0
WASP0007092,2
WASP0007093,21
WASP0007094,3
WASP0007098,6
WASP0007102,12
WASP0007104,0
WASP0007107,2
WASP0007108,13
WASP0007109,8
WASP0007110,1
WASP0007111,0
WASP0007112,0
WASP0007113,1
WASP0007114,8
WASP0007115,6
WASP0007116,12
WASP0007118,6
WASP0007119,3
WASP0007125,2
WASP0007132,0
WASP0007134,6
WASP0007136,0
WASP0007137,4
WASP0007138,1
WASP0007139,7
WASP0007142,3
WASP0007144,6
WASP0007145,0
WASP0007146,4
WASP0007150,1
WASP0007151,16
WASP0007152,7
WASP0007154,6
WASP0007155,5
WASP0007158,0
WASP0007161,1
WASP0007162,0
WASP0007165,0
WASP0007167,7
WASP0007170,8
WASP0007174,4
WASP0007179,6
WASP0007182,1
WASP0007183,6
WASP0007185,1
WASP0007186,1
WASP0007187,6
WASP0007191,7
WASP0007192,8
WASP0007195,10
WASP0007197,15
WASP0007200,5
WASP0007202,1
WASP0007203,2
WASP0007205,0
WASP0007207,8
WASP0007209,17
WASP0007211,3
WASP0007212,3
WASP0007213,12
WASP0007214,1
WASP0007215,6
WASP0007217,2
WASP0007218,1
WASP0007219,6
WASP0007220,1
WASP0007223,7
WASP0007225,1
WASP0007227,0
WASP0007230,16
WASP0007231,5
WASP0007232,6
WASP0007233,2
WASP0007234,4
WASP0007237,6
WASP0007244,2
WASP0007245,0
WASP0007246,1
WASP0007247,6
WASP0007250,5
WASP0007251,15
WASP0007252,5
WASP0007253,2
WASP0007257,1
WASP0007259,6
WASP0007260,18
WASP0007261,6
WASP0007262,0
WASP0007264,0
WASP0007268,1
WASP0007269,2
WASP0007278,6
WASP0007279,0
WASP0007280,1
WASP0007282,8
WASP0007283,0
WASP0007284,15
WASP0007290,6
WASP0007291,6
WASP0007292,3
WASP0007293,9
WASP0007295,1
WASP0007302,4
WASP0007303,1
WASP0007304,3
WASP0007306,11
WASP0007307,18
WASP0007308,7
WASP0007311,6
WASP0007314,3
WASP0007315,12
WASP0007316,1
WASP0007319,4
WASP0007320,11
WASP0007321,2
WASP0007322,1
WASP0007323,0
WASP0007325,6
WASP0007326,3
WASP0007327,0
WASP0007328,0
WASP0007329,5
WASP0007330,1
WASP0007331,1
WASP0007332,1
WASP0007333,2
WASP0007334,0
WASP0007336,0
WASP0007337,0
WASP0007338,6
WASP0007339,2
WASP0007342,17
WASP0007343,0
WASP0007345,15
WASP0007348,4
WASP0007350,3
WASP0007351,11
WASP0007354,1
WASP0007356,5
WASP0007357,6
WASP0007360,10
WASP0007361,3
WASP0007364,3
WASP0007366,0
WASP0007368,2
WASP0007372,6
WASP0007373,7
WASP0007376,2
WASP0007377,1
WASP0007378,1
WASP0007379,9
WASP0007380,1
WASP0007381,0
WASP0007382,20
WASP0007383,9
WASP0008003,4
WASP0008004,0
WASP0008006,4
WASP0008007,3
WASP0008008,7
WASP0008009,1
WASP0008015,11
WASP0008017,7
WASP0008021,15
WASP0008022,2
WASP0008023,1
WASP0008025,6
WASP0008029,1
WASP0008030,4
WASP0008031,1
WASP0008032,16
WASP0008034,1
WASP0008035,1
WASP0008037,4
WASP0008038,0
WASP0008039,3
WASP0008040,14
WASP0008041,6
WASP0008042,16
WASP0008044,3
WASP0008046,8
WASP0008049,2
WASP0008054,1
WASP0008058,7
WASP0008060,6
WASP0008061,16
WASP0008063,2
WASP0008066,5
WASP0008067,1
WASP0008068,8
WASP0008070,21
WASP0008073,10
WASP0008074,1
WASP0008075,1
WASP0008076,3
WASP0008077,0
WASP0008078,7
WASP0008082,1
WASP0008083,6
WASP0008084,7
WASP0008086,4
WASP0008087,6
WASP0008090,1
WASP0008091,1
WASP0008092,8
WASP0008095,2
WASP0008097,16
WASP0008099,1
WASP0008100,6
WASP0008101,8
WASP0008104,3
WASP0008106,0
WASP0008107,6
WASP0008108,15
WASP0008109,1
WASP0008110,1
WASP0008111,5
WASP0008115,0
WASP0008116,1
WASP0008117,11
WASP0008119,12
WASP0008121,6
WASP0008125,12
WASP0008126,2
WASP0008128,6
WASP0008129,1
WASP0008130,0
WASP0008133,0
WASP0008135,5
WASP0008136,4
WASP0008137,0
WASP0008140,6
WASP0008141,2
WASP0008142,4
WASP0008143,0
WASP0008144,15
WASP0008145,2
WASP0008147,0
WASP0008148,12
WASP0008149,8
WASP0008150,1
WASP0008153,3
WASP0008154,5
WASP0008155,9
WASP0008156,7
WASP0008158,0
WASP0008159,1
WASP0008161,4
WASP0008163,0
WASP0008167,1
WASP0008168,7
WASP0008171,6
WASP0008172,2
WASP0008176,3
WASP0008177,1
WASP0008179,6
WASP0008180,0
WASP0008183,6
WASP0008186,10
WASP0008187,0
WASP0008190,6
WASP0008191,3
WASP0008192,1
WASP0008194,8
WASP0008197,7
WASP0008199,1
WASP0008202,7
WASP0008203,1
WASP0008205,1
WASP0008206,12
WASP0008208,7
WASP0008210,17
WASP0008211,3
WASP0008214,4
WASP0008215,23
WASP0008216,7
WASP0008218,6
WASP0008219,8
WASP0008221,0
WASP0008223,15
WASP0008224,15
WASP0008226,17
WASP0008227,1
WASP0008229,0
WASP0008231,2
WASP0008235,7
WASP0008236,2
WASP0008238,6
WASP0008239,13
WASP0008240,8
WASP0008241,8
WASP0008242,7
WASP0008246,7
WASP0008249,10
WASP0008267,5
WASP0008268,1
WASP0008269,12
WASP0008270,3
WASP0008278,12
WASP0008280,7
WASP0008282,9
WASP0008283,3
WASP0008284,6
WASP0008287,0
WASP0008291,3
WASP0008292,4
WASP0008293,5
WASP0008296,7
WASP0008297,6
WASP0008298,1
WASP0008299,1
WASP0008305,5
WASP0008311,2
WASP0008312,6
WASP0008314,11
WASP0008317,7
WASP0008319,1
WASP0008321,2
WASP0008322,9
WASP0008327,2
WASP0008328,1
WASP0008329,1
WASP0008335,8
WASP0008336,0
WASP0008340,15
WASP0008341,6
WASP0008343,6
WASP0008344,0
WASP0008349,6
WASP0008351,9
WASP0008352,6
WASP0008355,6
WASP0008356,7
WASP0008357,8
WASP0008362,6
WASP0008367,6
WASP0008368,9
WASP0008369,17
WASP0008370,0
WASP0008372,6
WASP0008373,6
WASP0008374,12
WASP0008379,0
WASP0008380,0
WASP0008381,2
WASP0008382,12
WASP0008383,1
WASP0009001,4
WASP0009002,8
WASP0009004,1
WASP0009006,20
WASP0009008,9
WASP0009009,12
WASP0009012,0
WASP0009014,4
WASP0009015,8
WASP0009016,2
WASP0009017,20
WASP0009019,20
WASP0009020,4
WASP0009021,2
WASP0009022,0
WASP0009024,0
WASP0009025,15
WASP0009026,12
WASP0009027,11
WASP0009029,2
WASP0009031,0
WASP0009033,1
WASP0009035,0
WASP0009036,6
WASP0009038,2
WASP0009039,13
WASP0009042,2
WASP0009043,1
WASP0009044,5
WASP0009045,5
WASP0009047,4
WASP0009048,10
WASP0009050,1
WASP0009051,8
WASP0009055,10
WASP0009056,5
WASP0009057,19
WASP0009058,2
WASP0009059,5
WASP0009061,4
WASP0009062,1
WASP0009063,4
WASP0009064,8
WASP0009065,22
WASP0009068,1
WASP0009069,4
WASP0009072,1
WASP0009075,8
WASP0009077,14
WASP0009078,4
WASP0009079,0
WASP0009080,2
WASP0009081,2
WASP0009083,5
WASP0009086,3
WASP0009087,5
WASP0009088,3
WASP0009091,16
WASP0009092,4
WASP0009094,2
WASP0009095,5
WASP0009096,0
WASP0009097,2
WASP0009099,4
WASP0009100,1
WASP0009102,2
WASP0009103,22
WASP0009104,10
WASP0009105,13
WASP0009106,1
WASP0009108,9
WASP0009109,10
WASP0009110,7
WASP0009112,2
WASP0009113,4
WASP0009114,7
WASP0009117,7
WASP0009119,4
WASP0009121,2
WASP0009122,14
WASP0009123,2
WASP0009125,8
WASP0009126,5
WASP0009127,8
WASP0009130,19
WASP0009136,0
WASP0009138,1
WASP0009139,0
WASP0009141,20
WASP0009142,8
WASP0009143,1
WASP0009146,5
WASP0009147,2
WASP0009148,20
WASP0009149,2
WASP0009151,4
WASP0009152,11
WASP0009156,3
WASP0009158,3
WASP0009159,1
WASP0009160,10
WASP0009161,4
WASP0009163,17
WASP0009165,13
WASP0009167,14
WASP0009170,1
WASP0009172,22
WASP0009173,3
WASP0009174,1
WASP0009175,7
WASP0009176,2
WASP0009177,2
WASP0009181,3
WASP0009182,9
WASP0009183,5
WASP0009184,2
WASP0009186,11
WASP0009187,10
WASP0009188,19
WASP0009190,0
WASP0009192,4
WASP0009194,3
WASP0009195,10
WASP0009198,0
WASP0009200,2
WASP0009202,20
WASP0009203,8
WASP0009204,20
WASP0009206,1
WASP0009207,5
WASP0009209,23
WASP0009210,13
WASP0009212,5
WASP0009213,4
WASP0009216,17
WASP0009217,7
WASP0009221,12
WASP0009222,6
WASP0009223,11
WASP0009224,5
WASP0009226,4
WASP0009227,5
WASP0009229,5
WASP0009230,2
WASP0009232,10
WASP0009235,2
WASP0009236,13
WASP0009237,2
WASP0009239,19
WASP0009241,4
WASP0009242,1
WASP0009243,3
WASP0009246,2
WASP0009247,0
WASP0009250,17
WASP0009251,4
WASP0009256,13
WASP0009257,1
WASP0009258,4
WASP0009261,10
WASP0009262,4
WASP0009264,1
WASP0009265,5
WASP0009266,1
WASP0009267,10
WASP0009268,3
WASP0009270,4
WASP0009271,1
WASP0009272,4
WASP0009273,3
WASP0009275,2
WASP0009276,7
WASP0009278,22
WASP0009279,3
WASP0009280,2
WASP0009284,2
WASP0009286,18
WASP0009287,5
WASP0009288,1
WASP0009290,5
WASP0009292,6
WASP0009293,1
WASP0009296,1
WASP0009297,2
WASP0009303,14
WASP0009304,0
WASP0009312,1
WASP0009313,3
WASP0009314,5
WASP0009315,14
WASP0009318,9
WASP0009319,4
WASP0009321,6
WASP0009322,1
WASP0009324,1
WASP0009325,2
WASP0009326,14
WASP0009327,2
WASP0009328,2
WASP0009329,0
WASP0009334,15
WASP0009335,3
WASP0009336,4
WASP0009338,4
WASP0009339,5
WASP0009343,17
WASP0009344,18
WASP0009347,4
WASP0009348,3
WASP0009349,10
WASP0009350,5
WASP0009352,19
WASP0009354,2
WASP0009356,5
WASP0009358,4
WASP0009359,17
WASP0009361,4
WASP0009362,0
WASP0009364,3
WASP0009365,7
WASP0009367,7
WASP0009368,22
WASP0009369,6
WASP0009370,4
WASP0009372,2
WASP0009375,8
WASP0009376,2
WASP0009377,3
WASP0009379,6
WASP0009380,23
WASP0009381,9
WASP0009382,0
WASP0009383,4
WASP0010001,0
WASP0010003,2
WASP0010007,8
WASP0010008,3
WASP0010011,2
WASP0010013,1
WASP0010014,3
WASP0010016,11
WASP0010017,3
WASP0010020,4
WASP0010023,14
WASP0010026,4
WASP0010027,4
WASP0010029,14
WASP0010030,0
WASP0010031,10
WASP0010034,5
WASP0010038,0
WASP0010040,2
WASP0010042,2
WASP0010043,0
WASP0010044,4
WASP0010045,5
WASP0010047,5
WASP0010048,1
WASP0010049,10
WASP0010050,10
WASP0010052,2
WASP0010053,4
WASP0010055,1
WASP0010056,8
WASP0010060,9
WASP0010064,4
WASP0010066,5
WASP0010067,5
WASP0010068,2
WASP0010070,3
WASP0010071,1
WASP0010073,14
WASP0010074,18
WASP0010078,4
WASP0010079,1
WASP0010080,0
WASP0010081,6
WASP0010083,3
WASP0010086,14
WASP0010088,7
WASP0010091,6
WASP0010092,0
WASP0010094,10
WASP0010095,0
WASP0010098,23
WASP0010099,4
WASP0010100,5
WASP0010104,11
WASP0010108,4
WASP0010109,2
WASP0010110,4
WASP0010111,14
WASP0010112,8
WASP0010113,6
WASP0010117,6
WASP0010118,1
WASP0010119,1
WASP0010120,4
WASP0010121,5
WASP0010123,0
WASP0010124,13
WASP0010126,1
WASP0010130,4
WASP0010132,1
WASP0010134,5
WASP0010135,3
WASP0010137,6
WASP0010138,2
WASP0010139,2
WASP0010140,8
WASP0010143,14
WASP0010144,0
WASP0010145,10
WASP0010146,14
WASP0010147,5
WASP0010148,4
WASP0010149,18
WASP0010150,11
WASP0010152,13
WASP0010153,4
WASP0010158,12
WASP0010162,3
WASP0010165,9
WASP0010166,8
WASP0010168,3
WASP0010171,4
WASP0010173,13
WASP0010174,0
WASP0010175,4
WASP0010177,1
WASP0010179,6
WASP0010180,1
WASP0010181,0
WASP0010182,7
WASP0010183,17
WASP0010186,4
WASP0010187,2
WASP0010188,2
WASP0010189,4
WASP0010190,8
WASP0010191,5
WASP0010193,18
WASP0010195,2
WASP0010196,5
WASP0010198,11
WASP0010199,1
WASP0010200,4
WASP0010201,2
WASP0010202,10
WASP0010206,11
WASP0010207,12
WASP0010208,14
WASP0010209,10
WASP0010214,0
WASP0010215,4
WASP0010216,4
WASP0010217,11
WASP0010218,12
WASP0010219,1
WASP0010221,1
WASP0010222,1
WASP0010227,11
WASP0010229,1
WASP0010230,4
WASP0010232,11
WASP0010234,20
WASP0010235,7
WASP0010236,8
WASP0010240,14
WASP0010241,3
WASP0010242,13
WASP0010243,22
WASP0010244,11
WASP0010248,2
WASP0010249,2
WASP0010251,8
WASP0010255,4
WASP0010256,6
WASP0010257,12
WASP0010258,5
WASP0010260,5
WASP0010261,2
WASP0010262,0
WASP0010263,5
WASP0010267,8
WASP0010271,3
WASP0010272,0
WASP0010275,4
WASP0010276,17
WASP0010277,1
WASP0010278,22
WASP0010280,13
WASP0010281,11
WASP0010283,4
WASP0010284,8
WASP0010285,0
WASP0010287,9
WASP0010288,10
WASP0010291,1
WASP0010292,12
WASP0010293,11
WASP0010294,0
WASP0010299,2
WASP0010307,20
WASP0010308,8
WASP0010309,1
WASP0010310,0
WASP0010313,22
WASP0010317,4
WASP0010319,9
WASP0010320,11
WASP0010322,4
WASP0010324,22
WASP0010325,2
WASP0010326,5
WASP0010327,17
WASP0010328,14
WASP0010331,11
WASP0010332,22
WASP0010333,10
WASP0010334,2
WASP0010335,14
WASP0010336,2
WASP0010338,12
WASP0010339,2
WASP0010340,0
WASP0010341,10
WASP0010342,5
WASP0010343,22
WASP0010344,14
WASP0010350,14
WASP0010351,8
WASP0010353,12
WASP0010354,10
WASP0010356,5
WASP0010357,8
WASP0010359,2
WASP0010363,5
WASP0010365,5
WASP0010368,4
WASP0010369,4
WASP0010370,0
WASP0010371,4
WASP0010373,19
WASP0010374,12
WASP0010375,20
WASP0010376,5
WASP0010382,20
WASP0010383,9
WASP0011001,3
WASP0011003,1
WASP0011006,0
WASP0011007,1
WASP0011008,19
WASP0011011,4
WASP0011013,1
WASP0011014,0
WASP0011015,12
WASP0011016,3
WASP0011017,1
WASP0011018,0
WASP0011019,0
WASP0011020,5
WASP0011021,3
WASP0011022,4
WASP0011023,8
WASP0011025,8
WASP0011026,0
WASP0011028,2
WASP0011033,22
WASP0011034,7
WASP0011035,14
WASP0011036,4
WASP0011038,2
WASP0011039,0
WASP0011042,6
WASP0011044,2
WASP0011045,0
WASP0011047,8
WASP0011048,11
WASP0011049,6
WASP0011050,1
WASP0011051,19
WASP0011055,3
WASP0011056,5
WASP0011057,2
WASP0011059,0
WASP0011061,5
WASP0011062,7
WASP0011064,12
WASP0011065,13
WASP0011068,4
WASP0011069,2
WASP0011070,8
WASP0011071,1
WASP0011073,3
WASP0011074,6
WASP0011075,8
WASP0011076,2
WASP0011077,10
WASP0011079,14
WASP0011081,13
WASP0011083,12
WASP0011084,8
WASP0011085,12
WASP0011086,8
WASP0011087,13
WASP0011089,0
WASP0011090,9
WASP0011092,14
WASP0011093,9
WASP0011094,5
WASP0011095,2
WASP0011097,0
WASP0011098,5
WASP0011099,7
WASP0011100,5
WASP0011101,10
WASP0011103,0
WASP0011104,4
WASP0011105,14
WASP0011106,1
WASP0011109,12
WASP0011112,12
WASP0011113,10
WASP0011114,20
WASP0011115,4
WASP0011117,5
WASP0011118,0
WASP0011119,1
WASP0011120,9
WASP0011122,7
WASP0011123,7
WASP0011124,4
WASP0011126,14
WASP0011129,11
WASP0011130,2
WASP0011132,22
WASP0011133,5
WASP0011136,7
WASP0011138,5
WASP0011139,6
WASP0011141,10
WASP0011143,5
WASP0011144,11
WASP0011145,2
WASP0011146,10
WASP0011147,2
WASP0011148,2
WASP0011149,7
WASP0011150,0
WASP0011151,0
WASP0011152,22
WASP0011153,8
WASP0011154,9
WASP0011155,18
WASP0011158,10
WASP0011159,6
WASP0011160,1
WASP0011161,5
WASP0011162,2
WASP0011163,0
WASP0011164,0
WASP0011165,16
WASP0011166,3
WASP0011168,4
WASP0011169,11
WASP0011170,1
WASP0011171,5
WASP0011172,13
WASP0011173,8
WASP0011175,8
WASP0011176,2
WASP0011177,5
WASP0011180,18
WASP0011181,0
WASP0011182,11
WASP0011183,11
WASP0011184,3
WASP0011186,10
WASP0011187,3
WASP0011190,0
WASP0011193,1
WASP0011195,12
WASP0011196,1
WASP0011197,3
WASP0011199,0
WASP0011200,1
WASP0011201,0
WASP0011204,0
WASP0011205,10
WASP0011207,18
WASP0011208,9
WASP0011209,11
WASP0011211,18
WASP0011213,4
WASP0011214,3
WASP0011216,20
WASP0011217,1
WASP0011218,2
WASP0011220,5
WASP0011223,6
WASP0011224,5
WASP0011225,8
WASP0011227,10
WASP0011229,14
WASP0011232,6
WASP0011234,3
WASP0011238,5
WASP0011239,4
WASP0011240,13
WASP0011242,8
WASP0011243,7
WASP0011244,10
WASP0011246,23
WASP0011249,20
WASP0011251,2
WASP0011256,5
WASP0011257,0
WASP0011258,4
WASP0011259,0
WASP0011260,7
WASP0011262,7
WASP0011263,0
WASP0011264,4
WASP0011265,12
WASP0011267,6
WASP0011269,1
WASP0011270,4
WASP0011271,1
WASP0011275,2
WASP0011277,8
WASP0011282,3
WASP0011285,0
WASP0011287,3
WASP0011288,2
WASP0011292,6
WASP0011294,10
WASP0011295,6
WASP0011296,1
WASP0011297,3
WASP0011298,4
WASP0011299,4
WASP0011300,4
WASP0011301,14
WASP0011303,1
WASP0011304,2
WASP0011307,2
WASP0011309,13
WASP0011311,1
WASP0011314,14
WASP0011319,2
WASP0011320,3
WASP0011322,5
WASP0011324,14
WASP0011325,1
WASP0011328,14
WASP0011330,14
WASP0011331,3
WASP0011332,11
WASP0011333,14
WASP0011334,3
WASP0011335,14
WASP0011336,1
WASP0011337,3
WASP0011339,1
WASP0011343,0
WASP0011345,2
WASP0011346,9
WASP0011347,1
WASP0011348,3
WASP0011352,3
WASP0011353,6
WASP0011354,8
WASP0011355,0
WASP0011356,4
WASP0011357,2
WASP0011359,5
WASP0011361,0
WASP0011362,4
WASP0011364,11
WASP0011365,10
WASP0011367,19
WASP0011369,18
WASP0011370,5
WASP0011371,4
WASP0011372,14
WASP0011373,7
WASP0011377,13
WASP0011378,5
WASP0011379,8
WASP0011381,14
WASP0011382,11
WASP0011384,3
WASP0012002,11
WASP0012005,0
WASP0012007,6
WASP0012008,15
WASP0012009,22
WASP0012011,3
WASP0012012,14
WASP0012013,16
WASP0012016,4
WASP0012017,22
WASP0012018,3
WASP0012022,2
WASP0012023,4
WASP0012025,0
WASP0012026,2
WASP0012029,20
WASP0012030,1
WASP0012031,0
WASP0012032,6
WASP0012035,5
WASP0012037,4
WASP0012038,5
WASP0012039,1
WASP0012040,2
WASP0012041,13
WASP0012043,5
WASP0012045,18
WASP0012046,5
WASP0012047,0
WASP0012048,14
WASP0012051,4
WASP0012052,14
WASP0012053,15
WASP0012054,0
WASP0012057,0
WASP0012058,5
WASP0012059,5
WASP0012061,6
WASP0012063,10
WASP0012066,11
WASP0012067,10
WASP0012071,18
WASP0012073,5
WASP0012074,4
WASP0012075,4
WASP0012076,13
WASP0012077,5
WASP0012078,0
WASP0012079,7
WASP0012080,13
WASP0012081,3
WASP0012083,5
WASP0012087,5
WASP0012088,14
WASP0012089,8
WASP0012090,1
WASP0012091,0
WASP0012093,11
WASP0012094,7
WASP0012095,22
WASP0012096,3
WASP0012097,10
WASP0012098,2
WASP0012100,7
WASP0012101,5
WASP0012102,5
WASP0012103,1
WASP0012104,3
WASP0012105,11
WASP0012106,3
WASP0012107,2
WASP0012108,12
WASP0012109,12
WASP0012110,2
WASP0012112,14
WASP0012113,10
WASP0012114,2
WASP0012115,11
WASP0012117,15
WASP0012120,12
WASP0012121,2
WASP0012123,2
WASP0012125,4
WASP0012126,3
WASP0012127,4
WASP0012129,18
WASP0012130,12
WASP0012132,3
WASP0012134,10
WASP0012136,4
WASP0012137,2
WASP0012138,0
WASP0012139,4
WASP0012141,7
WASP0012142,0
WASP0012145,0
WASP0012146,1
WASP0012147,5
WASP0012149,2
WASP0012151,23
WASP0012153,14
WASP0012154,9
WASP0012155,4
WASP0012160,4
WASP0012161,6
WASP0012162,14
WASP0012163,1
WASP0012167,8
WASP0012168,9
WASP0012170,10
WASP0012171,5
WASP0012172,3
WASP0012175,14
WASP0012176,18
WASP0012177,8
WASP0012178,7
WASP0012179,4
WASP0012180,3
WASP0012181,0
WASP0012182,3
WASP0012183,0
WASP0012184,5
WASP0012185,7
WASP0012190,3
WASP0012193,0
WASP0012194,0
WASP0012195,5
WASP0012196,5
WASP0012197,0
WASP0012199,3
WASP0012201,5
WASP0012203,0
WASP0012204,7
WASP0012205,0
WASP0012206,8
WASP0012210,18
WASP0012212,10
WASP0012214,14
WASP0012216,2
WASP0012219,8
WASP0012222,1
WASP0012223,3
WASP0012224,7
WASP0012227,2
WASP0012230,1
WASP0012232,5
WASP0012233,1
WASP0012234,2
WASP0012236,4
WASP0012238,13
WASP0012239,0
WASP0012240,0
WASP0012241,11
WASP0012242,3
WASP0012244,1
WASP0012245,3
WASP0012246,4
WASP0012249,4
WASP0012250,0
WASP0012256,1
WASP0012257,13
WASP0012258,5
WASP0012259,6
WASP0012260,17
WASP0012265,14
WASP0012266,4
WASP0012267,3
WASP0012270,17
WASP0012271,14
WASP0012273,6
WASP0012275,14
WASP0012276,1
WASP0012277,3
WASP0012279,12
WASP0012281,0
WASP0012282,16
WASP0012283,2
WASP0012284,2
WASP0012286,5
WASP0012287,0
WASP0012288,3
WASP0012290,5
WASP0012292,3
WASP0012293,2
WASP0012294,5
WASP0012296,0
WASP0012299,7
WASP0012302,6
WASP0012303,2
WASP0012306,0
WASP0012307,1
WASP0012308,2
WASP0012309,0
WASP0012310,5
WASP0012311,5
WASP0012312,4
WASP0012313,13
WASP0012314,3
WASP0012316,4
WASP0012317,1
WASP0012318,11
WASP0012319,4
WASP0012320,0
WASP0012321,11
WASP0012322,0
WASP0012323,19
WASP0012324,14
WASP0012326,3
WASP0012327,7
WASP0012329,2
WASP0012334,1
WASP0012336,4
WASP0012338,4
WASP0012339,20
WASP0012340,4
WASP0012342,2
WASP0012343,6
WASP0012347,3
WASP0012348,13
WASP0012351,0
WASP0012352,10
WASP0012353,2
WASP0012355,0
WASP0012357,0
WASP0012358,14
WASP0012362,10
WASP0012363,7
WASP0012364,9
WASP0012370,3
WASP0012371,5
WASP0012372,10
WASP0012373,10
WASP0012376,3
WASP0012377,9
WASP0012378,0
WASP0012380,5
WASP0012381,11
WASP0012384,6
WASP0013001,1
WASP0013004,11
WASP0013005,9
WASP0013009,0
WASP0013011,2
WASP0013013,4
WASP0013014,8
WASP0013016,0
WASP0013017,0
WASP0013018,9
WASP0013022,0
WASP0013024,4
WASP0013025,13
WASP0013026,0
WASP0013027,8
WASP0013028,0
WASP0013029,10
WASP0013032,7
WASP0013033,2
WASP0013036,0
WASP0013037,1
WASP0013039,14
WASP0013040,11
WASP0013042,2
WASP0013043,4
WASP0013045,15
WASP0013046,0
WASP0013048,11
WASP0013049,4
WASP0013052,11
WASP0013053,7
WASP0013054,1
WASP0013055,4
WASP0013056,2
WASP0013057,12
WASP0013058,8
WASP0013061,13
WASP0013062,9
WASP0013063,12
WASP0013065,15
WASP0013066,14
WASP0013067,10
WASP0013069,0
WASP0013070,3
WASP0013071,11
WASP0013074,9
WASP0013075,10
WASP0013076,18
WASP0013077,14
WASP0013079,2
WASP0013081,3
WASP0013083,8
WASP0013084,4
WASP0013086,1
WASP0013089,11
WASP0013091,18
WASP0013092,13
WASP0013093,1
WASP0013094,12
WASP0013097,2
WASP0013098,4
WASP0013100,13
WASP0013101,0
WASP0013102,3
WASP0013103,11
WASP0013104,4
WASP0013106,6
WASP0013108,8
WASP0013109,6
WASP0013111,3
WASP0013112,8
WASP0013113,0
WASP0013115,3
WASP0013116,3
WASP0013117,8
WASP0013119,8
WASP0013121,8
WASP0013122,9
WASP0013124,4
WASP0013125,6
WASP0013126,9
WASP0013128,13
WASP0013129,8
WASP0013132,2
WASP0013135,18
WASP0013140,9
WASP0013142,2
WASP0013145,1
WASP0013146,8
WASP0013147,9
WASP0013148,19
WASP0013150,0
WASP0013151,9
WASP0013152,0
WASP0013153,4
WASP0013154,13
WASP0013155,9
WASP0013158,3
WASP0013159,11
WASP0013162,4
WASP0013164,0
WASP0013166,8
WASP0013167,1
WASP0013168,3
WASP0013170,14
WASP0013171,13
WASP0013172,0
WASP0013173,9
WASP0013174,10
WASP0013177,12
WASP0013178,6
WASP0013182,2
WASP0013183,0
WASP0013184,6
WASP0013187,2
WASP0013188,0
WASP0013189,3
WASP0013191,8
WASP0013195,1
WASP0013196,5
WASP0013203,16
WASP0013204,0
WASP0013205,8
WASP0013206,3
WASP0013208,1
WASP0013209,4
WASP0013210,9
WASP0013212,1
WASP0013216,13
WASP0013217,3
WASP0013219,3
WASP0013220,4
WASP0013221,12
WASP0013233,10
WASP0013235,0
WASP0013237,9
WASP0013238,1
WASP0013241,1
WASP0013245,1
WASP0013246,3
WASP0013247,18
WASP0013248,4
WASP0013249,8
WASP0013255,3
WASP0013257,3
WASP0013258,7
WASP0013261,8
WASP0013264,19
WASP0013265,2
WASP0013266,1
WASP0013270,11
WASP0013272,4
WASP0013273,11
WASP0013274,22
WASP0013275,4
WASP0013276,10
WASP0013277,8
WASP0013278,3
WASP0013283,18
WASP0013286,2
WASP0013287,0
WASP0013288,8
WASP0013290,4
WASP0013294,11
WASP0013295,10
WASP0013298,0
WASP0013299,5
WASP0013300,6
WASP0013302,0
WASP0013303,14
WASP0013304,11
WASP0013305,3
WASP0013309,0
WASP0013311,0
WASP0013312,2
WASP0013316,0
WASP0013318,4
WASP0013319,0
WASP0013320,8
WASP0013322,2
WASP0013324,3
WASP0013325,4
WASP0013326,1
WASP0013328,15
WASP0013330,0
WASP0013332,9
WASP0013333,0
WASP0013334,2
WASP0013335,0
WASP0013338,4
WASP0013342,7
WASP0013343,0
WASP0013347,3
WASP0013348,3
WASP0013350,5
WASP0013351,3
WASP0013353,11
WASP0013354,11
WASP0013355,14
WASP0013357,0
WASP0013358,3
WASP0013359,6
WASP0013360,10
WASP0013361,9
WASP0013363,13
WASP0013364,15
WASP0013365,8
WASP0013367,10
WASP0013374,3
WASP0013375,11
WASP0013378,0
WASP0013379,10
WASP0013380,0
WASP0013381,22
WASP0013383,8
WASP0014002,8
WASP0014003,1
WASP0014004,1
WASP0014005,0
WASP0014006,3
WASP0014007,6
WASP0014013,2
WASP0014017,23
WASP0014020,1
WASP0014021,10
WASP0014022,4
WASP0014023,16
WASP0014025,6
WASP0014026,5
WASP0014027,7
WASP0014028,16
WASP0014030,8
WASP0014031,3
WASP0014034,0
WASP0014037,9
WASP0014038,5
WASP0014042,2
WASP0014044,7
WASP0014045,5
WASP0014046,8
WASP0014047,3
WASP0014050,2
WASP0014051,14
WASP0014052,8
WASP0014053,16
WASP0014055,1
WASP0014056,10
WASP0014063,4
WASP0014064,0
WASP0014066,0
WASP0014068,2
WASP0014071,12
WASP0014074,16
WASP0014075,9
WASP0014077,0
WASP0014079,0
WASP0014080,6
WASP0014081,1
WASP0014084,0
WASP0014086,4
WASP0014087,1
WASP0014089,1
WASP0014092,7
WASP0014093,10
WASP0014094,6
WASP0014098,8
WASP0014100,0
WASP0014101,21
WASP0014102,11
WASP0014103,7
WASP0014104,16
WASP0014105,5
WASP0014106,7
WASP0014107,11
WASP0014109,9
WASP0014110,5
WASP0014115,21
WASP0014116,0
WASP0014117,7
WASP0014118,17
WASP0014119,9
WASP0014120,5
WASP0014121,3
WASP0014124,3
WASP0014126,6
WASP0014128,0
WASP0014129,3
WASP0014130,5
WASP0014134,8
WASP0014135,18
WASP0014136,0
WASP0014137,4
WASP0014139,14
WASP0014140,11
WASP0014144,4
WASP0014145,7
WASP0014146,1
WASP0014149,6
WASP0014151,1
WASP0014156,0
WASP0014159,0
WASP0014161,16
WASP0014162,3
WASP0014163,0
WASP0014165,13
WASP0014169,5
WASP0014171,0
WASP0014176,0
WASP0014177,6
WASP0014180,2
WASP0014186,0
WASP0014188,1
WASP0014189,9
WASP0014191,13
WASP0014194,1
WASP0014195,4
WASP0014197,0
WASP0014199,3
WASP0014200,7
WASP0014201,11
WASP0014202,0
WASP0014203,0
WASP0014204,0
WASP0014205,3
WASP0014206,0
WASP0014208,0
WASP0014209,13
WASP0014211,14
WASP0014213,6
WASP0014215,2
WASP0014217,0
WASP0014219,5
WASP0014221,6
WASP0014223,16
WASP0014229,0
WASP0014234,6
WASP0014236,9
WASP0014239,0
WASP0014240,17
WASP0014248,10
WASP0014249,1
WASP0014250,0
WASP0014255,0
WASP0014256,0
WASP0014257,4
WASP0014259,8
WASP0014260,11
WASP0014262,5
WASP0014263,9
WASP0014265,9
WASP0014268,3
WASP0014270,13
WASP0014272,1
WASP0014273,1
WASP0014275,7
WASP0014276,2
WASP0014277,10
WASP0014278,3
WASP0014279,2
WASP0014281,9
WASP0014283,0
WASP0014284,6
WASP0014285,13
WASP0014286,0
WASP0014290,8
WASP0014293,0
WASP0014295,0
WASP0014297,5
WASP0014298,0
WASP0014299,13
WASP0014301,0
WASP0014302,15
WASP0014303,7
WASP0014305,1
WASP0014307,6
WASP0014314,11
WASP0014315,3
WASP0014317,0
WASP0014318,7
WASP0014321,5
WASP0014322,0
WASP0014324,7
WASP0014329,1
WASP0014330,0
WASP0014333,0
WASP0014334,8
WASP0014337,18
WASP0014339,10
WASP0014343,19
WASP0014345,7
WASP0014346,9
WASP0014347,0
WASP0014349,7
WASP0014350,18
WASP0014355,2
WASP0014357,8
WASP0014360,2
WASP0014361,0
WASP0014362,7
WASP0014363,2
WASP0014364,13
WASP0014367,3
WASP0014368,1
WASP0014374,0
WASP0014375,6
WASP0014376,3
WASP0014377,6
WASP0014378,9
WASP0014380,8
WASP0014381,6
WASP0014382,16
WASP0014383,3
WASP0014384,8
WASP0015004,1
WASP0015005,9
WASP0015006,0
WASP0015009,3
WASP0015021,0
WASP0015025,6
WASP0015026,1
WASP0015031,9
WASP0015035,5
WASP0015036,0
WASP0015038,0
WASP0015039,1
WASP0015040,1
WASP0015042,10
WASP0015044,0
WASP0015045,6
WASP0015047,0
WASP0015053,0
WASP0015056,13
WASP0015062,2
WASP0015066,3
WASP0015071,4
WASP0015072,6
WASP0015078,3
WASP0015080,7
WASP0015083,5
WASP0015086,11
WASP0015089,4
WASP0015091,11
WASP0015092,4
WASP0015093,1
WASP0015096,4
WASP0015098,0
WASP0015099,0
WASP0015102,17
WASP0015108,1
WASP0015111,0
WASP0015112,6
WASP0015114,0
WASP0015116,4
WASP0015119,1
WASP0015120,0
WASP0015122,12
WASP0015127,1
WASP0015128,0
WASP0015129,13
WASP0015130,1
WASP0015132,0
WASP0015134,7
WASP0015139,4
WASP0015142,6
WASP0015143,14
WASP0015145,1
WASP0015149,8
WASP0015151,0
WASP0015152,1
WASP0015155,9
WASP0015158,6
WASP0015159,15
WASP0015160,0
WASP0015161,1
WASP0015162,1
WASP0015164,1
WASP0015167,19
WASP0015168,1
WASP0015170,1
WASP0015171,0
WASP0015174,1
WASP0015175,1
WASP0015176,8
WASP0015179,1
WASP0015185,3
WASP0015186,0
WASP0015198,13
WASP0015201,1
WASP0015205,1
WASP0015206,3
WASP0015209,11
WASP0015214,2
WASP0015218,9
WASP0015221,12
WASP0015224,5
WASP0015226,6
WASP0015227,0
WASP0015230,3
WASP0015232,5
WASP0015233,1
WASP0015234,6
WASP0015235,0
WASP0015236,5
WASP0015240,13
WASP0015241,0
WASP0015244,0
WASP0015249,2
WASP0015250,9
WASP0015255,3
WASP0015256,1
WASP0015259,4
WASP0015268,5
WASP0015269,1
WASP0015271,0
WASP0015278,2
WASP0015279,5
WASP0015282,1
WASP0015283,3
WASP0015284,6
WASP0015285,15
WASP0015286,0
WASP0015288,16
WASP0015290,4
WASP0015294,2
WASP0015298,1
WASP0015299,13
WASP0015301,1
WASP0015302,5
WASP0015303,11
WASP0015305,9
WASP0015306,6
WASP0015312,0
WASP0015313,0
WASP0015315,8
WASP0015317,11
WASP0015320,16
WASP0015322,1
WASP0015324,3
WASP0015326,0
WASP0015327,9
WASP0015330,7
WASP0015331,6
WASP0015333,9
WASP0015334,12
WASP0015335,0
WASP0015340,0
WASP0015342,0
WASP0015347,9
WASP0015348,8
WASP0015349,11
WASP0015351,6
WASP0015352,0
WASP0015355,5
WASP0015362,0
WASP0015364,5
WASP0015369,12
WASP0015373,1
WASP0015379,6
WASP0015383,7
WASP0016003,13
WASP0016004,0
WASP0016005,8
WASP0016009,5
WASP0016012,10
WASP0016016,4
WASP0016017,5
WASP0016018,0
WASP0016024,4
WASP0016025,3
WASP0016029,0
WASP0016030,12
WASP0016032,0
WASP0016033,0
WASP0016035,15
WASP0016036,2
WASP0016039,0
WASP0016040,1
WASP0016043,14
WASP0016045,11
WASP0016049,0
WASP0016051,0
WASP0016053,6
WASP0016055,0
WASP0016056,0
WASP0016063,8
WASP0016064,3
WASP0016065,11
WASP0016068,0
WASP0016069,0
WASP0016070,12
WASP0016076,1
WASP0016083,0
WASP0016098,0
WASP0016100,15
WASP0016101,12
WASP0016104,1
WASP0016108,0
WASP0016109,2
WASP0016114,12
WASP0016117,8
WASP0016119,1
WASP0016120,6
WASP0016123,0
WASP0016124,1
WASP0016125,7
WASP0016126,4
WASP0016128,4
WASP0016129,6
WASP0016130,2
WASP0016135,1
WASP0016139,0
WASP0016140,0
WASP0016142,0
WASP0016144,0
WASP0016146,1
WASP0016149,5
WASP0016150,13
WASP0016152,5
WASP0016154,0
WASP0016155,6
WASP0016160,1
WASP0016162,0
WASP0016164,0
WASP0016165,0
WASP0016171,3
WASP0016175,0
WASP0016177,0
WASP0016179,11
WASP0016180,0
WASP0016187,19
WASP0016192,13
WASP0016194,1
WASP0016196,0
WASP0016197,5
WASP0016198,2
WASP0016206,0
WASP0016209,0
WASP0016210,10
WASP0016211,14
WASP0016214,3
WASP0016217,5
WASP0016220,7
WASP0016222,7
WASP0016223,0
WASP0016227,13
WASP0016234,1
WASP0016238,9
WASP0016239,0
WASP0016241,0
WASP0016247,1
WASP0016266,11
WASP0016268,10
WASP0016271,5
WASP0016277,8
WASP0016286,8
WASP0016290,2
WASP0016291,1
WASP0016293,0
WASP0016296,1
WASP0016297,7
WASP0016308,0
WASP0016312,2
WASP0016313,1
WASP0016314,0
WASP0016317,1
WASP0016322,0
WASP0016323,0
WASP0016324,5
WASP0016325,8
WASP0016326,7
WASP0016327,1
WASP0016331,6
WASP0016334,5
WASP0016336,0
WASP0016340,12
WASP0016341,4
WASP0016343,1
WASP0016347,5
WASP0016348,11
WASP0016349,1
WASP0016350,2
WASP0016351,9
WASP0016360,0
WASP0016361,0
WASP0016364,0
WASP0016369,1
WASP0016370,7
WASP0016383,14
